{
    "ObjArchives": [
        {
            "archive": "archive.1/_9672_archive_1.a",
            "size": 163160,
            "objects": [
                [
                    "eEMMZ_d.o",
                    93964
                ],
                [
                    "Ax2yd_d.o",
                    47992
                ],
                [
                    "AjFIE_d.o",
                    21204
                ]
            ]
        }
    ],
    "reusePaths": {
        "BpRsb_d": {
            "icPath": "csrc"
        }
    },
    "Modules": {
        "ariane_pkg": {
            "child_modules": {},
            "start_perf": [
                1.1918740272521973,
                0.000212,
                0.0,
                246460,
                246460,
                1681442780.054147,
                114105618970373
            ],
            "nQuads": 2378,
            "end_perf": [
                1.2332019805908203,
                0.037257999999999999,
                0.0041390000000000003,
                248404,
                248404,
                114105722039527,
                38654705665,
                0
            ],
            "Compiled": "Yes",
            "Compiled Times": 2,
            "nMops": 7202,
            "nRouts": 45
        },
        "fifo_v3_0002": {
            "child_modules": {},
            "start_perf": [
                1.2332420349121094,
                0.037294000000000001,
                0.004143,
                248404,
                248404,
                1681442780.095515,
                114105722101113
            ],
            "nQuads": 1972,
            "end_perf": [
                1.2548849582672119,
                0.058874000000000003,
                0.0042050000000000004,
                248404,
                248404,
                114105776180249,
                115964116993,
                0
            ],
            "Compiled": "Yes",
            "Compiled Times": 2,
            "nMops": 3769,
            "nRouts": 107
        },
        "branch_unit": {
            "child_modules": {},
            "start_perf": [
                1.2549350261688232,
                0.058923000000000003,
                0.0042079999999999999,
                248404,
                248404,
                1681442780.117208,
                114105776254547
            ],
            "nQuads": 532,
            "end_perf": [
                1.2647669315338135,
                0.068752999999999995,
                0.0042079999999999999,
                248404,
                248404,
                114105800833361,
                279172874241,
                0
            ],
            "Compiled": "Yes",
            "Compiled Times": 2,
            "nMops": 1669,
            "nRouts": 32
        },
        "defs_div_sqrt_mvp": {
            "child_modules": {},
            "start_perf": [
                1.2648091316223145,
                0.068796999999999997,
                0.0042079999999999999,
                248404,
                248404,
                1681442780.1270821,
                114105800886303
            ],
            "nQuads": 0,
            "end_perf": [
                1.265362024307251,
                0.069349999999999995,
                0.0042079999999999999,
                248404,
                248404,
                114105802292945,
                231928233985,
                0
            ],
            "Compiled": "Yes",
            "Compiled Times": 2,
            "nMops": 0,
            "nRouts": 5
        }
    },
    "CompUnits": {
        "eEMMZ_d": {
            "text": 29736,
            "mod": "ariane_pkg",
            "out": "eEMMZ_d.o",
            "checksum": 0,
            "mode": 4,
            "bytes": 93964,
            "archive": "archive.1/_9672_archive_1.a"
        },
        "AjFIE_d": {
            "text": 8696,
            "mod": "branch_unit",
            "out": "AjFIE_d.o",
            "checksum": 0,
            "mode": 4,
            "bytes": 21204,
            "archive": "archive.1/_9672_archive_1.a"
        },
        "Ax2yd_d": {
            "text": 16050,
            "mod": "fifo_v3_0002",
            "out": "Ax2yd_d.o",
            "checksum": 0,
            "mode": 4,
            "bytes": 47992,
            "archive": "archive.1/_9672_archive_1.a"
        }
    },
    "stat": {
        "ru_self_end": {
            "ru_majflt": 0,
            "ru_utime_sec": 0.069494,
            "ru_maxrss_kb": 77780,
            "ru_stime_sec": 0.0042079999999999999,
            "ru_minflt": 2996,
            "ru_nivcsw": 3,
            "ru_nvcsw": 1
        },
        "ru_childs_end": {
            "ru_majflt": 0,
            "ru_utime_sec": 0.0,
            "ru_maxrss_kb": 0,
            "ru_stime_sec": 0.0,
            "ru_minflt": 0,
            "ru_nivcsw": 0,
            "ru_nvcsw": 0
        },
        "cpu_cycles_end": 114105802613993,
        "peak_mem_kb": 248404
    }
}